EquipmentState,1,DataType
EquipmentState_EnumStrings,2,Variable
EquipmentType,3,ObjectType
EquipmentType_Manufacturer,4,Variable
EquipmentType_SerialNumber,5,Variable
EquipmentType_State,6,Variable
EquipmentType_CycleCount,7,Variable
HeatingZoneType,8,ObjectType
HeatingZoneType_Temperature,9,Variable
HeatingZoneType_Temperature_Definition,10,Variable
HeatingZoneType_Temperature_ValuePrecision,11,Variable
HeatingZoneType_Temperature_InstrumentRange,12,Variable
HeatingZoneType_Temperature_InstrumentNumberRange,13,Variable
HeatingZoneType_Temperature_EURange,14,Variable
HeatingZoneType_Temperature_EUNumberRange,15,Variable
HeatingZoneType_Temperature_EngineeringUnits,16,Variable
HeatingZoneType_PowerLevel,17,Variable
HeatingZoneType_PowerLevel_Definition,18,Variable
HeatingZoneType_PowerLevel_ValuePrecision,19,Variable
HeatingZoneType_PowerLevel_InstrumentRange,20,Variable
HeatingZoneType_PowerLevel_InstrumentNumberRange,21,Variable
HeatingZoneType_PowerLevel_EURange,22,Variable
HeatingZoneType_PowerLevel_EUNumberRange,23,Variable
HeatingZoneType_PowerLevel_EngineeringUnits,24,Variable
HeatingZoneType_Setpoint,25,Variable
HeatingZoneType_Setpoint_Definition,26,Variable
HeatingZoneType_Setpoint_ValuePrecision,27,Variable
HeatingZoneType_Setpoint_InstrumentRange,28,Variable
HeatingZoneType_Setpoint_InstrumentNumberRange,29,Variable
HeatingZoneType_Setpoint_EURange,30,Variable
HeatingZoneType_Setpoint_EUNumberRange,31,Variable
HeatingZoneType_Setpoint_EngineeringUnits,32,Variable
FurnaceType,33,ObjectType
FurnaceType_DoorClosed,34,Variable
FurnaceType_Zones,35,Object
FurnaceType_Zones_Zone,36,Object
FurnaceType_Zones_Zone_Temperature,37,Variable
FurnaceType_Zones_Zone_Temperature_Definition,38,Variable
FurnaceType_Zones_Zone_Temperature_ValuePrecision,39,Variable
FurnaceType_Zones_Zone_Temperature_InstrumentRange,40,Variable
FurnaceType_Zones_Zone_Temperature_InstrumentNumberRange,41,Variable
FurnaceType_Zones_Zone_Temperature_EURange,42,Variable
FurnaceType_Zones_Zone_Temperature_EUNumberRange,43,Variable
FurnaceType_Zones_Zone_Temperature_EngineeringUnits,44,Variable
FurnaceType_Zones_Zone_PowerLevel,45,Variable
FurnaceType_Zones_Zone_PowerLevel_Definition,46,Variable
FurnaceType_Zones_Zone_PowerLevel_ValuePrecision,47,Variable
FurnaceType_Zones_Zone_PowerLevel_InstrumentRange,48,Variable
FurnaceType_Zones_Zone_PowerLevel_InstrumentNumberRange,49,Variable
FurnaceType_Zones_Zone_PowerLevel_EURange,50,Variable
FurnaceType_Zones_Zone_PowerLevel_EUNumberRange,51,Variable
FurnaceType_Zones_Zone_PowerLevel_EngineeringUnits,52,Variable
FurnaceType_Zones_Zone_Setpoint,53,Variable
FurnaceType_Zones_Zone_Setpoint_Definition,54,Variable
FurnaceType_Zones_Zone_Setpoint_ValuePrecision,55,Variable
FurnaceType_Zones_Zone_Setpoint_InstrumentRange,56,Variable
FurnaceType_Zones_Zone_Setpoint_InstrumentNumberRange,57,Variable
FurnaceType_Zones_Zone_Setpoint_EURange,58,Variable
FurnaceType_Zones_Zone_Setpoint_EUNumberRange,59,Variable
FurnaceType_Zones_Zone_Setpoint_EngineeringUnits,60,Variable
FurnaceType_StartProgram,61,Method
FurnaceType_StartProgram_InputArguments,62,Variable
FurnaceType_StartProgram_OutputArguments,63,Variable
PressType,64,ObjectType
PressType_Force,65,Variable
PressType_Force_Definition,66,Variable
PressType_Force_ValuePrecision,67,Variable
PressType_Force_InstrumentRange,68,Variable
PressType_Force_InstrumentNumberRange,69,Variable
PressType_Force_EURange,70,Variable
PressType_Force_EUNumberRange,71,Variable
PressType_Force_EngineeringUnits,72,Variable
PressType_RamPosition,73,Variable
PressType_RamPosition_Definition,74,Variable
PressType_RamPosition_ValuePrecision,75,Variable
PressType_RamPosition_InstrumentRange,76,Variable
PressType_RamPosition_InstrumentNumberRange,77,Variable
PressType_RamPosition_EURange,78,Variable
PressType_RamPosition_EUNumberRange,79,Variable
PressType_RamPosition_EngineeringUnits,80,Variable
PressType_MaxForce,81,Variable
PressType_MaxForce_Definition,82,Variable
PressType_MaxForce_ValuePrecision,83,Variable
PressType_MaxForce_InstrumentRange,84,Variable
PressType_MaxForce_InstrumentNumberRange,85,Variable
PressType_MaxForce_EURange,86,Variable
PressType_MaxForce_EUNumberRange,87,Variable
PressType_MaxForce_EngineeringUnits,88,Variable
PressType_EmergencyStop,89,Method
Furnace01,90,Object
Furnace01_Manufacturer,91,Variable
Furnace01_SerialNumber,92,Variable
Furnace01_State,93,Variable
Furnace01_CycleCount,94,Variable
Furnace01_DoorClosed,95,Variable
Furnace01_Zones,96,Object
Furnace01_StartProgram,97,Method
Furnace01_StartProgram_InputArguments,98,Variable
Furnace01_StartProgram_OutputArguments,99,Variable
Press01,100,Object
Press01_Manufacturer,101,Variable
Press01_SerialNumber,102,Variable
Press01_State,103,Variable
Press01_CycleCount,104,Variable
Press01_Force,105,Variable
Press01_Force_Definition,106,Variable
Press01_Force_ValuePrecision,107,Variable
Press01_Force_InstrumentRange,108,Variable
Press01_Force_InstrumentNumberRange,109,Variable
Press01_Force_EURange,110,Variable
Press01_Force_EUNumberRange,111,Variable
Press01_Force_EngineeringUnits,112,Variable
Press01_RamPosition,113,Variable
Press01_RamPosition_Definition,114,Variable
Press01_RamPosition_ValuePrecision,115,Variable
Press01_RamPosition_InstrumentRange,116,Variable
Press01_RamPosition_InstrumentNumberRange,117,Variable
Press01_RamPosition_EURange,118,Variable
Press01_RamPosition_EUNumberRange,119,Variable
Press01_RamPosition_EngineeringUnits,120,Variable
Press01_MaxForce,121,Variable
Press01_MaxForce_Definition,122,Variable
Press01_MaxForce_ValuePrecision,123,Variable
Press01_MaxForce_InstrumentRange,124,Variable
Press01_MaxForce_InstrumentNumberRange,125,Variable
Press01_MaxForce_EURange,126,Variable
Press01_MaxForce_EUNumberRange,127,Variable
Press01_MaxForce_EngineeringUnits,128,Variable
Press01_EmergencyStop,129,Method
AcmeEquipment_BinarySchema,130,Variable
AcmeEquipment_BinarySchema_DataTypeVersion,131,Variable
AcmeEquipment_BinarySchema_NamespaceUri,132,Variable
AcmeEquipment_BinarySchema_Deprecated,133,Variable
AcmeEquipment_XmlSchema,134,Variable
AcmeEquipment_XmlSchema_DataTypeVersion,135,Variable
AcmeEquipment_XmlSchema_NamespaceUri,136,Variable
AcmeEquipment_XmlSchema_Deprecated,137,Variable
Furnace02,138,Object
Furnace02_Manufacturer,139,Variable
Furnace02_SerialNumber,140,Variable
Furnace02_State,141,Variable
Furnace02_CycleCount,142,Variable
Furnace02_DoorClosed,143,Variable
Furnace02_Zones,144,Object
Furnace02_StartProgram,145,Method
Furnace02_StartProgram_InputArguments,146,Variable
Furnace02_StartProgram_OutputArguments,147,Variable
Furnace02_Zone1,148,Object
Furnace02_Zone1_Temperature,149,Variable
Furnace02_Zone1_Temperature_Definition,150,Variable
Furnace02_Zone1_Temperature_ValuePrecision,151,Variable
Furnace02_Zone1_Temperature_InstrumentRange,152,Variable
Furnace02_Zone1_Temperature_InstrumentNumberRange,153,Variable
Furnace02_Zone1_Temperature_EURange,154,Variable
Furnace02_Zone1_Temperature_EUNumberRange,155,Variable
Furnace02_Zone1_Temperature_EngineeringUnits,156,Variable
Furnace02_Zone1_PowerLevel,157,Variable
Furnace02_Zone1_PowerLevel_Definition,158,Variable
Furnace02_Zone1_PowerLevel_ValuePrecision,159,Variable
Furnace02_Zone1_PowerLevel_InstrumentRange,160,Variable
Furnace02_Zone1_PowerLevel_InstrumentNumberRange,161,Variable
Furnace02_Zone1_PowerLevel_EURange,162,Variable
Furnace02_Zone1_PowerLevel_EUNumberRange,163,Variable
Furnace02_Zone1_PowerLevel_EngineeringUnits,164,Variable
Furnace02_Zone1_Setpoint,165,Variable
Furnace02_Zone1_Setpoint_Definition,166,Variable
Furnace02_Zone1_Setpoint_ValuePrecision,167,Variable
Furnace02_Zone1_Setpoint_InstrumentRange,168,Variable
Furnace02_Zone1_Setpoint_InstrumentNumberRange,169,Variable
Furnace02_Zone1_Setpoint_EURange,170,Variable
Furnace02_Zone1_Setpoint_EUNumberRange,171,Variable
Furnace02_Zone1_Setpoint_EngineeringUnits,172,Variable
Furnace02_Zone2,173,Object
Furnace02_Zone2_Temperature,174,Variable
Furnace02_Zone2_Temperature_Definition,175,Variable
Furnace02_Zone2_Temperature_ValuePrecision,176,Variable
Furnace02_Zone2_Temperature_InstrumentRange,177,Variable
Furnace02_Zone2_Temperature_InstrumentNumberRange,178,Variable
Furnace02_Zone2_Temperature_EURange,179,Variable
Furnace02_Zone2_Temperature_EUNumberRange,180,Variable
Furnace02_Zone2_Temperature_EngineeringUnits,181,Variable
Furnace02_Zone2_PowerLevel,182,Variable
Furnace02_Zone2_PowerLevel_Definition,183,Variable
Furnace02_Zone2_PowerLevel_ValuePrecision,184,Variable
Furnace02_Zone2_PowerLevel_InstrumentRange,185,Variable
Furnace02_Zone2_PowerLevel_InstrumentNumberRange,186,Variable
Furnace02_Zone2_PowerLevel_EURange,187,Variable
Furnace02_Zone2_PowerLevel_EUNumberRange,188,Variable
Furnace02_Zone2_PowerLevel_EngineeringUnits,189,Variable
Furnace02_Zone2_Setpoint,190,Variable
Furnace02_Zone2_Setpoint_Definition,191,Variable
Furnace02_Zone2_Setpoint_ValuePrecision,192,Variable
Furnace02_Zone2_Setpoint_InstrumentRange,193,Variable
Furnace02_Zone2_Setpoint_InstrumentNumberRange,194,Variable
Furnace02_Zone2_Setpoint_EURange,195,Variable
Furnace02_Zone2_Setpoint_EUNumberRange,196,Variable
Furnace02_Zone2_Setpoint_EngineeringUnits,197,Variable
